Unnamed: 0,Job_Title,Job_Description,Predicted_Category,Required_Skills,Education_Required,Experience_Required
0,Flutter Developer,"We are looking for hire experts flutter developer. So you are eligible this post then apply your resume.
Job Types: Full-time, Part-time
Salary: ₹20,000.00 - ₹40,000.00 per month
Benefits:
Flexible schedule
Food allowance
Schedule:
Day shift
Supplemental Pay:
Joining bonus
Overtime pay
Experience:
total work: 1 year (Preferred)
Housing rent subsidy:
Yes
Industry:
Software Development
Work Remotely:
Temporarily due to COVID-19",Technology/IT,['Flutter'],Not specified,1 year (Preferred)
1,Django Developer,"PYTHON/DJANGO (Developer/Lead) - Job Code(PDJ - 04)
Strong Python experience in API development (REST/RPC).
Experience working with API Frameworks (Django/flask).
Experience evaluating and improving the efficiency of programs in a Linux environment.
Ability to effectively handle multiple tasks with a high level of accuracy and attention to detail.
Good verbal and written communication skills.
Working knowledge of SQL.
JSON experience preferred.
Good knowledge in automated unit testing using PyUnit.",Technology/IT,"['Python', 'Django', 'API development (REST/RPC)', 'API Frameworks (Django/flask)', 'Linux environment', 'SQL', 'JSON', 'PyUnit']",Not specified,Not specified
2,Machine Learning,"Data Scientist (Contractor)

Bangalore, IN

Responsibilities

We are looking for a capable data scientist to join the Analytics team, reporting locally in India Bangalore. This person’s responsibilities include research, design and development of Machine Learning and Deep Learning algorithms to tackle a variety of Fraud oriented challenges. The data scientist will work closely with software engineers and program managers to deliver end-to-end products, including: data collection in big scale and analysis, exploring different algorithmic approaches, model development, assessment and validation – all the way through production.

Qualifications

At least 3 years of hands-on development of complex Machine Learning models using modern frameworks and tools, ideally Python based.
Solid understanding of statistics and applied mathematics
Creative thinker with a proven ability to tackle open problems and apply non-trivial solutions.
Experience in software development using Python, Java or a similar language.
Any Graduate or M.Sc. in Computer Science, Mathematics or equivalent, preferably in Machine Learning
Ability to write clean and concise code
Quick learner, independent, methodical, and detail oriented.
Team player, positive attitude, collaborative, good communication skills.
Dedicated, makes things happen.
Flexible, capable of making decisions in an ambiguous and changing environment.

Advantages:

Prior experience as a software developer or data engineer – advantage
Experience with Big data – advantage
Experience with Spark – big advantage
Experience with Deep Learning frameworks (PyTorch, TensorFlow, Keras) – advantage.
Experience in the Telecommunication domain and/or Fraud prevention - advantage",Technology/IT,"['Python', 'Java', 'Statistics', 'Applied Mathematics', 'Machine Learning', 'Deep Learning', 'PyTorch', 'TensorFlow', 'Keras', 'Big Data', 'Spark']","Any Graduate or M.Sc. in Computer Science, Mathematics or equivalent, preferably in Machine Learning",At least 3 years of hands-on development of complex Machine Learning models
3,iOS Developer,"JOB DESCRIPTION:

Strong framework outside of iOS is always a plus

iOS experience and generalist engineers with backgrounds in related technologies is a plus

A disciplined approach to development, documentation and file structure

Strong visual design sense and excellent taste

A constant desire to improve, learn more and take things higher

An excellent understanding of networking, mobile network issues, concurrency and threading

Experience working with internationalized apps

RESPONSIBILITIES
Design and build advanced applications for the iOS platform.
Collaborate with cross-functional teams to define, design, and ship new features..
Work on bug fixing and improving application performance.
Continuously discover, evaluate, and implement new technologies to maximize development efficiency.
Have published one or more iOS apps in the app store.
A deep familiarity with Objective-C and Cocoa Touch.
Experience working with iOS frameworks such as Core Data, Core Animation, Core Graphics and Core Text.
Experience with third-party libraries and APIs.
Working knowledge of the general mobile landscape, architectures, trends, and emerging technologies.
Solid understanding of the full mobile development life cycle.
Responsible for working on different layers of the iOS apps.
Help architect and maintain our set of native mobile applications.",Technology/IT,"['Objective-C', 'Cocoa Touch', 'Core Data', 'Core Animation', 'Core Graphics', 'Core Text', 'third-party libraries and APIs']",Not specified,Not specified
4,Full Stack Developer,job responsibility full stack engineer – react role make impact petsmart transforming engineering team meet need rapidly changing retail environment role foundational helping build craft petsmart ’ prowess making react j native key framework across mobile web property working across web mobile application part building amazing mobile first customer experience impact customer store digital channel goal responsibility include act full stack developer across petsmart ’ various web mobile solution full stack engineer help build petsmart ’ competency using react j native across mobile web property partner web engineering team strategy share component across application best practice new advancement react community work product ux team review design concept offer suggestion decrease complexity maintaining spirit experience proactively make recommendation technical enhancement better performance scalability maintainability accountable delivering agile environment creates/oversees completion technical development mobile web solution work cross functional business team design develop solution based business requirement identify area improvement design implementation process tooling automated testing quality assurance mentor le experienced developer remain current latest web technology seeking integrate solution appropriate ’ bring table 5+ year hands-on experience web development 2+ year recent experience working react strong experience various j library framework redux angular vue etc expert understanding javascript html cs restful apis http networking concept full stack web development architecture expertise experience mvc object-oriented programming concept experience implementing responsive design adaptive design demonstrated strong front-end development skill especially concerning accessibility extensibility client-side computing object-oriented design pattern object-oriented cs experience sass/less/postcss framework demonstrated passion user experience design usability familiar experienced making use open source component ability address short term tactical requirement without losing site longer range strategic direction self-motivated discipline meet deadline speed accuracy professional attitude excellent written oral communication skill excellent analytical trouble-shooting skill collaborative team player ability resolve conflict constructive manner work around obstacle ensure project success b computer science equivalent team ’ growing faster pace ever investing heavily cutting-edge technology importantly _our people._ petsmart team ’ department valued business partner every area company every level associate empowered come innovative idea strategic impact business ’ take pride work “ ” behind all—for love pet click meet mike goodwin petsmart ’ cio ’ love home office offer outstanding amenity fun rewarding workplace including pet friendly environment bring pet work ! work-life balance family event movie night art event holiday festival “ top dog ” gym equipment fitness class massage therapist personal trainer “ sit & stay ” café serving fresh breakfast lunch option starbucks cart—productivity finest ! “ lil ’ paw ” learning center onsite childcare facility volunteer event petsmart charity submit resume,Technology/IT,"['React', 'J Native', 'Redux', 'Angular', 'Vue', 'JavaScript', 'HTML', 'CS', 'RESTful APIs', 'HTTP', 'Networking', 'MVC', 'Object-Oriented Programming', 'Responsive Design', 'Adaptive Design', 'Sass/Less/PostCSS', 'Accessibility', 'Extensibility', 'Client-Side Computing', 'Object-Oriented Design Pattern']",Not specified,5+ years of hands-on experience in web development and 2+ years of recent experience working with React
5,Java Developer,"Software Developer - Integration*
Immediate Opening!*
A dynamic Akron / Cleveland area company is looking for an experienced software developer. The Integration Developer designs, develops, tests, maintains and enhances multiple systems serving internal users as well as our suppliers and customers. The Integration Developer interacts with IT and other internal business partners to deliver systems that advance company strategy and improve the enterprise capability of IT.
Candidates need to demonstrate experience in the following skillsets: *
· Proven technical expertise in the design, development, coding, testing, and debugging of enterprise software.

· Strong knowledge of web services (WSDL, Soap, Restful).

· Experience working with relational databases.

· Experience authoring and maintaining data access and / or database queries.

· Familiar with standard software design patterns, methodologies, and the MVC architecture.

· Proficient in the following technologies: C#, .NET, .NET Core, HTML5, CSS3, MsSQL, MySQL, ReactJS.

· Experience working with and/or administering Microsoft IIS

· Experience with SYSPRO’s ERP package a plus but not required
Candidates must be able to execute the following functions: *
· Creates and deploys code and configuration associated with support and project work across our application portfolio.

· Assists in creating, evolving and standardizing technical processes such as source code management, continuous integration, etc.

· Submits code and configuration with high levels of quality, performance, security, scalability and extensibility.

· Assists in the creation and evaluation of business requirements and project plans.
Other requirements include: *
· Takes pride in delivering work on time and with quality

· Good problem solving and decision making abilities

· Ability to learn quickly in a fast-paced environment

· Ability to both work independently and with teams

· Effectively juggles a continuous mix of support and project work

· Able to work off hours / provide on-call support when needed

The ideal candidate must be a self-starter, able to work independently, and have experience in the skillsets mentioned above. This position requires a highly responsible and organized individual with a good work ethic and a minimum of two years of experience using the tools and technologies noted above.

Compensation is commensurate with experience.
Industries* - Manufacturing-Other
Education* - Bachelor's Degree in Computer Science, Information Systems, or related field, or combination of education and equivalent work experience.
Job Type: Contract

Experience:
Software development: 2 years (Required)
Work Location:
One location
Work Remotely:
No",Technology/IT,"['Proven technical expertise in the design, development, coding, testing, and debugging of enterprise software', 'Strong knowledge of web services (WSDL, Soap, Restful)', 'Experience working with relational databases', 'Experience authoring and maintaining data access and / or database queries', 'Familiar with standard software design patterns, methodologies, and the MVC architecture', 'Proficient in the following technologies: C#, .NET, .NET Core, HTML5, CSS3, MsSQL, MySQL, ReactJS', 'Experience working with and/or administering Microsoft IIS', 'Experience with SYSPRO’s ERP package', 'Good problem solving and decision making abilities', 'Ability to learn quickly in a fast-paced environment', 'Ability to both work independently and with teams', 'Effectively juggles a continuous mix of support and project work']","Bachelor's Degree in Computer Science, Information Systems, or related field, or combination of education and equivalent work experience",2 years of software development experience
6,Full Stack Developer,senior full stack developer \- 1800026h cwt looking senior full stack developer proven back-end skill well strong front-end skill role ’ use cutting-edge technology help develop next generation business travel solution million user worldwide participate lead architecture review technology standard definition lead effort find implement support new technology framework standard experiment implement propose new process technology develop back-end system designed scale analyze business software requirement develop back-end software test learn new technology broaden tech stack provide tier 3 production support handle live production issue participate develop agile software development process qualification b.sc degree computer science engineering relevant field equivalent industry experience minimum 2 year experience developing following nodejs java experience nosql solution mongodb elasticsearch redis experience react/angular knowledge single-page application spa development advantage experience javascript cs html responsive ui & cross browser advantage experienced developing rich large-scale web application advantage experience developing robust http apis back-end service passion technology building product team player excellent interpersonal skill self-motivated independent learner eligible candidate must valid passport able travel israel 6 week training shortly hired primary location us-il-chicago work home employment type standard job family information technology scope global travel yes 15 time shift day job organization p & t_hotel product experience level 3 5 year job posting may 9 2018 equal opportunity employer/affirmative action employer organization discriminate employment practice due applicant ’ race color religion sex national origin veteran status disability status sexual orientation gender identity federal state local protected class,Technology/IT,"['NodeJS', 'Java', 'MongoDB', 'Elasticsearch', 'Redis', 'React', 'Angular', 'JavaScript', 'CS', 'HTML', 'Responsive UI', 'Cross Browser']",B.Sc degree in Computer Science Engineering or relevant field,Minimum 2 year experience
7,JavaScript Developer,"Job Description:

ReactJS + NodeJs, Azure Functions, and GraphQL capability

Strong hands on experience on javascript frameworks like reactjs
Having hands on experience on nodejs
Hands on experience on Azure function and integrations
Strong hands on experience on HTML5/CSS3/Javascript
Excellent written and verbal communication.
Knowledge of REST as well as GRAPHQL
Experience Range:

3 - 8 years

Educational Qualifications:

Any graduation, and Any PG and Any Doctorate

Job Responsibilities:

Implementing visual components & building rich UI for complex internal and external systems.
Taking ownership of modules, and building the foundation of new systems which are inline with improved quality, process & productivity
Have a passion for quality and writing clean, solid, readable code that scales and performs well.

Skills Required :

ReactJS, NodeJS, Azure Functions, GraphQL,

Job Code : #KL-DP3PZB64",Technology/IT,"['ReactJS', 'NodeJS', 'Azure Functions', 'GraphQL', 'HTML5', 'CSS3', 'JavaScript', 'REST', 'GraphQL']","Any graduation, and Any PG and Any Doctorate",3 - 8 years
8,DevOps Engineer,"Main Responsibilities and Deliverables:
Manage/support the rollout, scalability and execution of the automation as it is consumed by the various teams
Ensure automation services scales to handle rapid growth
Using the automations, establish the ability to measure and optimize system health and performance.
On an ongoing basis; configure, tune and troubleshoot automations to achieve optimal application performance and stability
Strong scripting experience with; Bash, Ruby, Python, Java.
Solid experience working with commercial grade automated deployment & configuration mgmt. tools such as; Puppet, Chef, Cloudify, CFEngine. (Puppet skills strongly coveted.)
Strong “hands-on” experience with open source and provisioning tools such as; Cobbler, Foreman, PHP, and Linux or other likewise open source systems, tools /utilities.
Strong senior level Linux & Windows OS experience & troubleshooting skills
Experience with application debugging, performance, scalability & capacity planning expertise
Manage full system lifecycle of automations including configuration and code deployment in user acceptance test and production environments
Improve automated product performance health checks and “self-healing” capabilities in complex highly available Cloud environments.
Participates and assists to drive the automation tools roadmap to increase availability, performance and reduce support demands.
Drive the adoption of Infrastructure as Code in a DevOps oriented organization
Partner with R&D teams to engineer resilient, supportable and scalable products
Architect solutions to leverage the best of Cloud infrastructure
Experience with tools and software such as Urban Code, Hadoop, Tomcat, Mule, OpenAM and Apache
Experience with F5 load balancers, networking theory and protocols (TCP/IP, HTTP, NTP, DNS) and hardware components.",Technology/IT,"['Bash', 'Ruby', 'Python', 'Java', 'Puppet', 'Chef', 'Cloudify', 'CFEngine', 'Cobbler', 'Foreman', 'PHP', 'Linux', 'Windows OS', 'Urban Code', 'Hadoop', 'Tomcat', 'Mule', 'OpenAM', 'Apache', 'F5 load balancers', 'networking theory', 'TCP/IP', 'HTTP', 'NTP', 'DNS']",Not specified,Not specified
9,Software Engineer,"Overview


Based in Silicon Valley, Tintri is a wholly owned subsidiary of DataDirect Networks (DDN.com), the data-at-scale powerhouse and world’s largest privately held storage company. Tintri solutions serve the needs of enterprise data centres with intelligent infrastructure. Our product portfolio includes advanced technologies from Tintri (acquired September 2018), Nexenta (acquired May 2019), and IntelliFlash (acquired from Western Digital November 2019). This portfolio offers a fresh choice and a new experience to elevate your user experiences through automation, analytic insight, and tight integration with application workflows for your enterprise applications, including mission-critical databases and business applications, virtualization, and flexible software defined solutions. Learn more about the Tintri portfolio of solutions at https://www.tintri.com/products

Tintri is looking for motivated and passionate individuals that are self-motivated in their work and careers but we are valuing and thriving in an environment where collaboration and teamwork are at best. We are all together on a quest to provide game changing storage solutions.

Job Description


Job Location: Pune

RED Senior Software Engineer – REST API Dev

Job Description

Responsibilities:

We are looking for a Senior Software Engineer for our RED Tintri Storage engineering team who will design, build and deliver the configuration and deployment tools of DDN RED software storage product:
Participate in the definition and implementation of the RED REST API allowing to configure, deploy and manage the RED solution on premises and on cloud.
Participate in the system tools definition and implementation providing interaction with the storage deployments to perform analytics and provide value-added services to customers and users.
Development competencies:
Knowledge of REST API
Strong experience in developing and debugging C/C++ for Linux/Unix
Experience in developing with Python, Go
Experiences with Git, Gerrit and Jenkins
Very good written/verbal communication skills in English
The ideal candidate has knowledge of and experience in several of the following subjects:
Knowledge of configuration and deployment large systems on cloud or on premise
Knowledge of deployment on VMs and containers
Knowledge of development or utilization of control or data plane API for systems' management
Skills and Experience:
Minimum 7 years of software development experience
Excellent written/verbal communication skills
Excellent time management skills, with the ability to independently prioritize, multitask, and work under deadlines in a fast paced environment
Strong interpersonal skills and ability to interact effectively with program staff
Strong team player
Highly effective analytical, problem solving, decision making and influencing capabilities
Storage industry experience desired.
Minimum of BS or MS; computer engineering, computer science or related technical field.",Technology/IT,"['REST API', 'C/C++ for Linux/Unix', 'Python', 'Go', 'Git', 'Gerrit', 'Jenkins']","Minimum of BS or MS; computer engineering, computer science or related technical field",Minimum 7 years of software development experience
10,Database Administrator,richardsontexasunited state bausp4 boeing company currently seeking database administrator join 's richardson texas location responsibility include limited following partner customer gather document requirement produce product specified customer must able work across diverse team software system engineer training development specialist software technician security specialist dynamic high-paced environment must able successfully develop plan establish database performance baseline ; monitoring performance trend identify correct problem ; customizing existing application life project must able assure curriculum integrity security configuration management version control must able collaborate architect technical specialist identify proper hardware software upgrade implementation must able plan install test software upgrade patch must implement database security infrastructure manages user account must work closely project manager database programmer multimedia program develop implement customer ’ learning management system business system development environment must prepare database documentation including standard procedure definition deliverable data dictionary metadata boeing world 's largest aerospace company leading manufacturer commercial airplane defense space security system engineer technician skilled scientist thinker bold innovator dreamer join u build something better customer world typical education/experience technical bachelor 's degree typically 9 year ' related work experience master 's degree typically 7 year ' phd degree typically 4 year ' related work experience equivalent combination education experience technical degree defined four year degree greater mathematic scientific information technology field study basic qualification required position requires active ability obtain u.s. security clearance u government requires u citizenship position requires active top secret clearance security clearance/special program access government access requirement mandatory position much work boeing company classified nature many position require security clearance granting discretion government authority applicant must current top secret security clearance additionally applicant must able obtain program access security clearance upgrade and/or program access request initiated applicant 's acceptance contingent offer filling requisition contingent based applicant 's ability obtain required program access time frame established program management relocation dallas texas authorized appropriate access granted must advanced sql/oracle database design administration knowledge able write script query system generate customer report desired qualification knowledge ibm rational clearcase bnh advisor enterprise ; yes 10 time commercial derivative aircraft individual contributor standard united state ; boeing company,Technology/IT,"['SQL', 'Oracle', 'Database design', 'Administration', 'Script writing', 'Query system', 'Clearcase', 'BNH Advisor Enterprise']","Bachelor's degree, typically 9 years of related work experience; Master's degree, typically 7 years of related work experience; PhD degree, typically 4 years of related work experience; or equivalent combination of education and experience",Typically 9 years of related work experience
11,Machine Learning,"Remote, Any where
2 - 4 years
₹8L - ₹12L / yr (ESOP available)
Skills
TensorFlow
OpenCV
Python
Artificial Neural Network (ANN)
Deep Learning
Image Processing
PyTorch
Amazon Web Services (AWS)
Cloud Computing
computer vision
Job description
ClearQuote app helps assess damages in cars based on images/videos - used by insurers, mobility providers and workshops.

What’s on offer – Opportunity to lead development of a global tech product, competitive pay and stock options

Role
1) Work on identifying and implementing pre-processing of various datasets (images, videos)
2) Identifying / testing the right techniques / deeplearning libraries to use to train the model and infer parts and degree of damage in test data
3) Deploy training and inferencing models on cloud (and edge if required)
4) Work on improving accuracy of detection
5) Based on experience and ability - lead the rest of the computer vision engineering team

Requirements:

1)Experience in Deep learning using Convolutional Neural Networks
2)Sound knowledge of Object detection,Semantic segmentation,Instance segmentation(Faster-RCNN,Single shot multibox detector(SSD),Mask RCNN,Mobile-net)
3)Classic Image processing techniques using OpenCV
4)Proficiency in Python
5)Should be comfortable building ML models on various deep learning and machine learning libraries using tensorflow,keras,scikit-learn,Numpy,etc
6)Familiarity with Amazon Web service( Elastic Cloud Compute(EC2),Amazon Sagemaker) and deployment
7)Must have work experience in image processing, computer vision areas (exposure to other machine learning / deep learning areas a bonus)
8) Experience in working with Pytorch preferred
9) Strong basics in machine learning, computer vision
10) Prior experience in implementing research papers into production models
11) Experience in startup environment is preferred",Technology/IT,"['TensorFlow', 'OpenCV', 'Python', 'Artificial Neural Network (ANN)', 'Deep Learning', 'Image Processing', 'PyTorch', 'Amazon Web Services (AWS)', 'Cloud Computing', 'Convolutional Neural Networks', 'Object detection', 'Semantic segmentation', 'Instance segmentation', 'Faster-RCNN', 'Single shot multibox detector(SSD)', 'Mask RCNN', 'Mobile-net', 'Keras', 'scikit-learn', 'Numpy', 'Elastic Cloud Compute(EC2)', 'Amazon Sagemaker']",Not specified,2 - 4 years
12,Machine Learning,"Excited by Big Data, Machine Learning and Predictive Software? Interested in creating new state-of-the-art solutions using Machine Learning and Data Mining techniques on Terabytes of Data?
At Amazon, we are developing state-of-the-art large-scale Machine Learning Services and Applications on the Cloud involving Terabytes of data. We work on applying predictive technology to a wide spectrum of problems in areas such as Amazon Retail, Seller Services, Customer Service, Alexa, Chatbots and so on. We are looking for talented and experienced Machine Learning Scientists (Masters/Ph.D. in a related area preferred) who can apply innovative Machine Learning techniques to real-world e-Commerce problems. You will get to work in a team dedicated to advancing Machine Learning technology at Amazon and converting it to business-impacting solutions.
Major responsibilities
- Use machine learning, data mining and statistical techniques to create new, scalable solutions for business problems
- Analyze and extract relevant information from large amounts of Amazons historical business data to help automate and optimize key processes
- Design, develop and evaluate highly innovative models for predictive learning
- Establish scalable, efficient, automated processes for large scale data analyses model development, model validation and model implementation
- Research and implement novel machine learning and statistical approaches




Basic Qualifications

- A Masters and/or PhD in Computer Science, Machine Learning, Operational research, Statistics or in a highly quantitative field
- Experience in predictive modelling and analysis, predictive software development
- Strong problem-solving ability
- Good skills with Java/Scala or C++, Perl/Python (or similar scripting language)
- Experience in using R, Matlab, or any other statistical software
- Strong communication and data presentation skills



Preferred Qualifications

- Experience handling gigabyte and terabyte size datasets
- Experience working with distributed systems and grid computing
- Knowledge of the latest and state of the art ML technology
- Publications or presentation in recognized Machine Learning and Data Mining journals/conferences",Technology/IT,"['Java', 'Scala', 'C++', 'Perl', 'Python', 'R', 'Matlab']","Masters and/or PhD in Computer Science, Machine Learning, Operational research, Statistics or in a highly quantitative field","Experience in predictive modelling and analysis, predictive software development"
13,Software Engineer,"As a member of our Software Engineering Group you will dive head-first into creating innovative solutions that advance businesses and careers. You'll join an inspiring and curious team of technologists dedicated to improving the design, analytics, development, coding, testing and application programming that goes into creating high quality software and new products. You'll be tasked with keeping the team and other key stakeholders up to speed on the progress of what's being developed. Coming in with an understanding of the importance of end-to-end software development-such as Agile frameworks-is key. And best of all, you'll be working with and sharing ideas, information and innovation with our global team of technologists from all over the world. JPMorgan Chase & Co. is an equal opportunity employer and affirmative action employer Disability/Veteran

This role requires a wide variety of strengths and capabilities, including:
Advanced knowledge of application, data and infrastructure architecture disciplines
Understanding of architecture and design across all systems
Working proficiency in developmental toolsets
Ability to collaborate with high-performing teams and individuals throughout the firm to accomplish common goals
Proficiency in one or more general purpose programming languages
Understanding of software skills such as business analysis, development, maintenance and software improvement
Corporate Technology

The Corporate Technology (CT) organization develops applications and provides technology support for corporate functions across JPMorgan Chase, including Global Finance, Corporate Treasury, Risk Management, Human Resources, Compliance, Legal, and all functions within the Corporate Administrative Office (CAO).

CT teams are aligned with corporate partners' evolving technology needs and the firm's ever expanding technology controls agenda.

A top CT priority is purpose-building scalable corporate systems. Teams focus is on:
Responding to the evolving regulatory environment and helping to meet the firm's regulatory commitments by addressing internal and external commitments
Advancing the firm's Roadmap programs -- Single Sourcing of data, Architecture Convergence, and Rationalization of Application Portfolio and Platforms
Adopting industry leading technologies to support best-in-class business capabilities for high performance computing and data storage solutions
Driving innovation across the firm's corporate technology portfolio, increasing efficiencies through process automation and Agile application development, with an emphasis on user experience and shorter development cycles
Investing in security & controls for cyber, access/entitlements uplift, data protection and application resiliency
Controls & Operational Risk Technology supports - identification, assessment, and prioritization of risks followed by coordinated application of resources to minimize, monitor, and control the probability and/or impact of events.

Tech at JPMC:

When you work at JPMorgan Chase & Co., you're not just working at a global financial institution. You're an integral part of one of the world's biggest tech companies. In 14 technology hubs worldwide, our team of 40,000+ technologists design, build and deploy everything from enterprise technology initiatives to big data and mobile solutions, as well as innovations in electronic payments, cybersecurity, machine learning, and cloud development. Our $9.5B+ annual investment in technology enables us to hire people to create innovative solutions that will not only transform the financial services industry, but also change the world.

Key Responsibilities
Design and Development of key functionality within the application
Carry out design reviews/code reviews at agreed points throughout the project life cycle
Work closely with the vendor development team to monitor the design/development undertaken by them
Hands on design and development of technical artifacts
Participate in technical reviews; define/Improve processes on configuration management, deployment and resiliency planning for the application.
Qualifications - Internal:

Competencies:

Essential:
HTML5, CSS 3.0, Bootstrap, Angular 8.x+, JavaScript, JQuery and comparable languages
Proficient with Angular framework and hands on Angular 8+ version.
Proficient with Unit testing with Jasmine or protractor.
Knowledge and of using and building Restful services
Proficient with Java and hands on Java 8+ version.
Exposure to micro-services pattern is must
Testing tools - Jasmine/ Karma/ protractor
Version Control - GIT
Strong understanding of design principles and design patterns is a must.
Should be able to set standards, define templates etc. to promote reusability and establish standards.
Ability to mentor team and collaborate with distributed teams is a must.
Must have an eye for pixel perfection, attention to detail along with strong hands on experience.
Interact with UX designers, product owners and produce quick prototypes to seek feedback.
Must be able to work in fast paced environment and be able to adapt to changing requirements.
Agile experience is a must.
Conduct testing of completed applications, websites and software to Assess user experience
Automated, Manual, Progression/Regression and Exploratory testing experience and deployment validation support.
Test Management, Defect Management and reporting/tracking expertise. Jenkins, Ci/CD, Selenium.
Essential Experience:
5 - 8 years' work experience
Exposure to technology development projects and the full technology development lifecycle
Excellent Communication and Inter-personal skills, both with business customers and with fellow IT professionals (Business Analysts, Project Managers and Developers).
Strong problem-solving skills
A delivery focused approach to work and the ability to work without direction
Ability to multi-task
Ability to work to deadlines
Ability to work effectively in a collaborative environment to create top-performing interfaces
Closing Statement

At JPMorgan Chase & Co. we value the unique skills of every employee, and we're building a technology organization that thrives on diversity. We encourage professional growth and career development, and offer competitive benefits and compensation. If you're looking to build your career as part of a global technology team tackling big challenges that impact the lives of people and companies all around the world, we want to meet you.JPMorgan Chase & Co., one of the oldest financial institutions, offers innovative financial solutions to millions of consumers, small businesses and many of the world's most prominent corporate, institutional and government clients under the J.P. Morgan and Chase brands. Our history spans over 200 years and today we are a leader in investment banking, consumer and small business banking, commercial banking, financial transaction processing and asset management.

We recognize that our people are our strength and the diverse talents they bring to our global workforce are directly linked to our success. We are an equal opportunity employer and place a high value on diversity and inclusion at our company. We do not discriminate on the basis of any protected attribute, including race, religion, color, national origin, gender, sexual orientation, gender identity, gender expression, age, marital or veteran status, pregnancy or disability, or any other basis protected under applicable law. In accordance with applicable law, we make reasonable accommodations for applicants' and employees' religious practices and beliefs, as well as any mental health or physical disability needs.",Technology/IT,"['HTML5', 'CSS 3.0', 'Bootstrap', 'Angular 8.x+', 'JavaScript', 'JQuery', 'Java', 'Jasmine', 'Protractor', 'Karma', 'GIT', 'Restful services', 'Micro-services pattern', 'Selenium', 'Jenkins', 'Ci/CD']",Not specified,5 - 8 years' work experience
14,Software Engineer,"JOB DESCRIPTION

Job Title: Software Engineer I

SUMMARY

The Software Engineer I is responsible to design, code, and/or configure solutions for moderate complexity Agile stories, as well as writing automated unit and integration-level tests.

ESSENTIAL JOB FUNCTIONS/RESPONSIBILITIES
Designs, codes, and/or configures solutions for moderate complexity Agile stories with some guidance from more a senior software engineer.
Debugs and resolves moderate complexity software bugs or issues, working independently, and finds the real root cause and provides a fix without collateral damage.
Writes automated unit and integration-level tests under own direction.
May create or support the creation of a conceptual design/architecture for small scale software solutions with guidance from an architect or more senior developer.
May provide guidance and mentoring to more junior software engineers.
Follows development standards and effectively demonstrates technical solutions to other software engineers in code reviews.
Assists in making source code management decisions for one or more teams.
Performs source code management tasks without specific guidance required from other team members.
Performs other related duties and activities as required.
Experience developing in cloud environments like Azure, Google, AWS a plus.
Please note this job description is not designed to cover or contain a comprehensive listing of activities, duties or responsibilities that are required of the employee for this job. Duties, responsibilities and activities may change at any time with or without notice.

QUALIFICATIONS/REQUIREMENTS

Education and Work Experience:
Bachelor’s degree or higher education level, or its foreign equivalent, in Computer Science, Computer Information Sciences, and/or related field
Total Work Experience: 6+ years (software development), 4 years minimum,
Product Experience: 2 years minimum, 4+ years preferred
Domain Experience: 2 years minimum, 4+ years preferred
Specialized Knowledge, Skills, and/or Abilities:
Expert in Object-oriented design, Java or .NET development, Relational OLTP queries and Relational database design
Capable of XML/XSLT document design, JavaScript development, HTML5 & CSS
Ability to manage to deadlines, communicate in a team, and operate independently with guidance
Understands how to estimate, analyze, and the Software Product Development Lifecycle with Agile methodology
Other Requirements:
Work Authorization: Legally authorized to work in the country of the job location.
Physical: Exerting up to 10 pounds of force occasionally and/or negligible amount of force frequently or constantly to lift, carry, push, pull or otherwise move objects, including the human body. Sedentary work involves sitting most of the time. Jobs are sedentary if walking and standing are required only occasionally and all other sedentary criteria are met",Others,[],Not specified,Not specified
15,Java Developer,"Overview:

Western National is seeking a highly collaborative and influential front-end developer to join our team in developing exceptional experiences. This exceptional opportunity offers someone a chance to contribute to a highly impactful organizational initiative that will transform how our customers interact with our company.

The ideal candidate has 5+ years of Software Development experience with strong experience in modern Javascript (ES6+) and Node. The candidate would ideally have experience with Vue or similar web frameworks, and there is a high preference for Java experience. Come join our team for opportunities to grow your skills and be a part of something truly transformative.

Responsibilities:
Work in an agile environment with other IT teams.
Collaborate with business partners to implement new features.
Mentor Jr level team members.
Estimate effort and assist in prioritization of business feature requests.
Identify and resolve software application issues.
Prepare technical design specifications, flow charts, and data flow diagrams.
Develop and execute unit tests.
Implement software solutions based on business requirements.
Identify and implement process enhancements and automation.
Regular interaction with business partners across organization.
Occasional interaction with external vendors.
Qualifications:
5+ years of software development experience.
Proficient in modern Javascript (ES6+) and Node.
Strong experience with HTML5 / CSS3 / SCSS.
Moderate to strong experience with Vue or similar web frameworks (React, Angular).
Moderate to strong experience developing or consuming REST web services.
Moderate to strong experience developing with Java is helpful.
Experience with Javascript testing frameworks (Jest, Mocha, etc.).
Experience with build tools such as npm and webpack.
Experience with version control (SVN or Git).
Experience with Dev Ops and/or continuous integration (CI) tools (Jenkins) is useful.
Experience in an agile environment.
Strong verbal and written communication skills.
Strong analytical and problem-solving skills.
B.S. Degree in Computer Science or equivalent experience.

Western National Insurance is a growing, A+ rated (A.M. Best) group of property-and-casualty insurance companies serving individuals, families, and businesses in 20 states across the Midwestern and Western U.S. plus Alaska. Currently ranked as the 57th largest private company by revenue in Minnesota (Minneapolis-St. Paul Business Journal), Western National has consistently earned accolades as an employer of choice, including as a Star Tribune Top Workplace (2011 – 2016), and previously as a recipient of the Minnesota Business Ethics Award, as a Minnesota Business Magazine Top 100 Workplace, as a Principal Financial “10 Best” Company, and as a finalist for the Alfred P. Sloan “When Work Works” Award.

Western National is known as “The Relationship Company®”, and caring for employees is a key part of that relationship commitment. Western National offers competitive pay, advancement opportunities, a generous benefits package, a robust wellbeing program, and a healthy work/life balance (including three weeks of paid time off, nine paid holidays, and eight hours of paid volunteer time as a starting point for new employees). These attributes are just some of the reasons why nearly half of our employees choose to stay on the Western National team for 10 years or more.

Our benefits package includes:

401(k) company match
Medical insurance – We offer affordable (thanks to a strong employer subsidy), above-average coverage and the choice of either a traditional Preferred Provider Organization (PPO) option OR a High-Deductible Health Plan (HDHP) option
Western Wellbeing program – Including on-site massage, yoga classes, salad and healthy snack days, sit/stand workstations, nutrition seminars, and more
100% company-paid tuition reimbursement for approved, job-relevant coursework
Discounts on automobile and homeowner's insurance
Other standard employee benefits – Including dental insurance, vision benefits, life insurance, disability insurance, and more

We could continue to list the things that we think make Western National a great place to work, but why not hear it instead from actual current and former employees? Here are some quotes that Western National employees have posted to the Glassdoor public review site:

“Excellent company which prioritizes customer service and community service.”
“Just a great place to come to work, and stay for a career. I love the personal touch from [the] executive suite on down. [The] CEO is on a first-name basis with everyone.”
“Above-average benefits, especially on the health insurance front.”
“I have felt welcomed here and I feel like the Senior Management cares.”

(For more reviews from current and former Western National employees, you can visit the company’s Glassdoor page here: http://bit.ly/2qXtl4A .)
**Western National is an equal opportunity employer. All qualified applicants will receive consideration for employment.***",Others,[],Not specified,Not specified
16,Wordpress Developer,"Experience: 2-5 years

Job Location:- Aurangabad/Pune

Vacancies:- 02

Note: Fresher Do Not Apply

Job Description

Looking for experienced developers who are passionate to work with an IT / Software Development company.

Basic Requirements:
Having prior working experience on WordPress
Should be proficient verbally and written communication skills.
Should be capable of writing an efficient code using best software development with good coding practices.
Able to integrate data from various back-end services and databases.
Able to integrate with external application ERP/CRM
Should be capable of working on Payment gateway integration on multiple platforms
Should have adequate knowledge of relational database systems and Object Oriented Programming.
Hands on experience required upon web applications including Security and session management.
Capable of self- upgrading upon emerging new technologies and apply them into operations and activities.
Able to deliver projects before deadlines.
Able to work on multiple Frameworks such as Zend etc. would be an added advantage
Responsibilities and Duties
Should be able to manage on handling Multiple Projects
Manage project independently
Manage clients
Able to handle the team
Deliver projects before deadlines.
Required Experience, Skills and Qualifications

• WordPress
• Plugin-in development
• PHP
• HTML/HTML5
• Javascript/jQuery
• Bootstrap
• MySQL

Qualification:
• UG: B.Sc (CS/CSC/IT), BCA, BCS, BE, B.Tech (CS/CSE/IT)
• M.Sc (CS/CSC/IT), MCA, MCS, ME, M.Tech (CS/CSE/IT)",Others,[],Not specified,Not specified
17,iOS Developer,"Job Code : ID190704

Job Description:
Experience: 1 to 2 years in iOS Development
Native iOS development
Hybrid app development with PhoneGap, Ionic, Titanium will be an advantage
Database knowledge is must
Understanding about Requirement Gathering - Client interactions
Good communication skills
Qualification: BE( Computers/ Information Technology), MCA, BCA, BSc (Computer Science)
Location: Margao Goa",Others,[],Not specified,Not specified
18,Database Administrator,job description summary highly skilled technical role ultimate responsibility support hpe oracle database environment providing technical expertise designing building tuning installing configuring troubleshooting database middleware technology provide technical leadership large complex database build migration effort work closely engineer architect project program manager define design strategy better data management infrastructure process role responsible developing documenting maintaining logical physical database model ; ensuring design comply standard guideline procedure ; research analyze impact proposed change ensure corporate data effectively implemented managed secured provide consulting support application development team well dba 's complex integrated system including distributed solution provide analysis guidance migration consolidation effort job description position provide support architecture planning installation monitoring configuration administration testing evaluating troubleshooting oracle database instance collaborate application infrastructure team adherence best practice process standardization key responsibility position monitor ensure high availability environment quickly respond diagnose problem utilize leverage new feature underlying technology work closely enterprise database manager.. another area responsibility position provide leadership role create awareness guidance application development business team migrate consolidate re-platform various application oracle no-sql technology work minimal supervision receives general direction enterprise database manager responsibility design backup/recovery procedure ensure validity develop archival strategy conforms hpe security audit guideline develop execute appropriate delivery team model e.g resource skill process management meet current projected needs/constraints support implementation new release dbms software ; plan implement new feature appropriate mentor le experienced dba 's application developer ensure adequate 24x7 support develop “ ” procedure deal incident perform database migration merging consolidation needed participate change incident management procedure problem resolution analyze database implementation method ensure line company policy proactively monitor operation log optimize system performance using available monitoring db optimization tool additional job description experience oracle data guard standby/failover administration highly skilled oracle 10g/11g/12c database administration hand experience query tuning performance optimization db ops automation alert monitoring backup restore hand experience data modeling design knowledgeable oracle rac & asm administration knowledgeable pl/sql procedure package development experience managing high performing team database ability prioritize workload work effectively pressure high degree independence must versatile flexible proactive resolving technical issue ability handle diverse situation rapidly changing priority deadline experience setting database disaster recovery site plus excellent interpersonal communication skill exposure sql server no-sql database technology plus education professional experience bachelor ’ degree computer science information technology related field least 10+ year hand work lead support production database previous leadership team management experience strong organizational time management skill communicate/work effectively team environment effective meeting deadline li-mf1 hewlett packard enterprise eeo f/m/protected veteran/ individual disability hpe comply applicable law related use arrest conviction record including san francisco fair chance ordinance similar law consider employment qualified applicant criminal history,Others,[],Not specified,Not specified
20,DevOps Engineer,"Job Summary

Our mission at Style Theory is to build a sustainable model for fashion consumption. We rely on the latest and best technology to build apps and services to ensure the women of Style Theory an intimate relationship with their “infinite wardrobe”. We are also constantly improving the experience both on the apps and the services through a series of iterations because we constantly listen to the feedback from the women of Style Theory, as well as ideas that we brainstormed to help achieve our mission above. With your help, we can achieve it even faster!

We are looking for an experienced Senior DevOps Engineer to continue to design and hands-on implement our cloud-based micro-service infrastructure. Ideally, they would have experience in
supporting the large scale and highly critical applications. Your tasks will be designing, developing, and improving our next-generation infrastructure. Migrating applications to the new infrastructure with proper architecture design and working closely with the Dev and QA teams, resolve and automate production issues, while also providing rostered on-call support.

Responsibilities
Deploying, automating, maintaining, and managing cloud-based production system to
ensure the availability, performance, scalability, and security of production systems.
(AWS & GCP)
Build, release, and configuration management of production systems
System troubleshooting and problem-solving across platform and application domains.
Suggesting architecture improvements, recommending process improvements.
Hands on for critical parts of development, testing, deployment, and production
automation and tools to ensure everything is built according to the best practices
Carry out your on-call duties as part of a critical team handling our cloud
infrastructure performance and availability
Mentor other engineers, define our technical culture and help build a fast-growing
team.
Requirements
At least 3 years of experience in a similar role.
Design, operation, and maintenance of robust, large-scale distributed systems
Experience in Linux Environment.
Good understanding and practical experience with configuration management (e.g.
Ansible, Chef, and Puppet) and Infrastructure as Code such as Terraform.
Experience with automation from simple shell/python scripting to more complex
software engineering solutions.
Strong background in either AWS or GCP is a must.
Problem-solving ability to analyze and resolve complex infrastructure issues by using
Monitoring tools (Datadog, Prometheus, Grafana).
Kubernetes experience is a must!. (EKS, GKE, Openshift)
Strong experience using CI/CD tools such as Jenkins, GitLab CI, etc., or Java based
integration tools such as Groovy. It would be great to know how to implement Jenkins
configuration, CI pipelines via code, etc.
Experience in on or more of Bash, Go, Python, JS.
Highly accountable and takes ownership. Outstanding work ethic, high-integrity, team
player, and a lifelong learner

Nice to have
Experienced with Data Engineering services like Lake Formation, Glue, Athena, Redshift,
Sagemaker, Kineses, Kafka, BigQuery etc.
Experienced with SQL and NoSQL Databases like DynamoDB, RDS, PostgreSQL,
ElasticSearch, MongoDB, etc.",Others,[],Not specified,Not specified
21,Database Administrator,country place mortgage founded 1995 subsidiary cavco industry inc. national lender providing wide variety financing option purchaser manufactured home cavco industry inc. wa founded 1965 fast growing publicly traded company disrupting manufactured home industry headquartered phoenix arizona cavco leading designer builder manufactured home modular home commercial building park model rv ’ vacation cabin company ’ insurance group standard casualty offer wide range insurance product manufactured home owner country place mortgage seller servicer mortgage fannie mae freddie mac fha authorized lender ginnie mae mortgage-backed security issuer employee biggest asset play integral role meeting need customer come part team offering many opportunity utilize talent atmosphere support encourages realize full potential come share helping people realize dream opportunity home ! come share story part building something amazing ! country place mortgage currently looking database administrator work office located addison tx responsible designing building administering maintaining oracle database must able perform daily administration database system prevent outage plan optimized system resource utilization position contribute architectural direction provide expertise design performance database structure assist database performance tuning database capacity issue replication distributed data issue strong understanding sql standard diagnostics performance tuning must responsibility build support oracle database linux based system perform evaluation modification integration function associated vendor supplied database software ensure business continuity developing implementing highly available database system database recovery plan procedure serve resource le experienced team member escalated issue routine nature support oracle database weblogic qualification bachelor ’ degree comparable industry experience 2+ year oracle database experience experience database support iaa paas preferred in-depth understanding database tool utility well highly developed sql database performance tuning skill knowledge computer hardware san/nas networking verbal written communication skill problem solving skill customer service interpersonal skill ability work independently manage one time loan origination/servicing support experience helpful mandatory _cavco industry committed providing equal employment opportunity without regard race color religion sex sexual orientation gender identity national origin age disability protected status respect recruitment hiring promotion term condition employment disclaimer statement intended describe general nature level work performed associate assigned classification construed exhaustive list responsibility duty skill required personnel classified personnel may required perform duty outside normal responsibility time time needed._,Others,[],Not specified,Not specified
22,Wordpress Developer,"Position: WordPress Developer
Location: Prahladnagar, Ahmedabad
Experience: 4 to 8 Years
Working Timings: 10:00 AM to 7:00 PM

Working Days: Alt Sat Off

WordPress Developer Responsibilities:

· Meeting with clients to discuss website design and function.

· Designing and building the website front-end.

· Creating the website architecture.

· Designing and managing the website back-end including database and server integration.

· Generating WordPress themes and plugins.

· Conducting website performance tests.

· Troubleshooting content issues.

· Conducting WordPress training with the client.

· Monitoring the performance of the live website.

·

WordPress Developer Requirements:

· Bachelor’s degree in Computer Science or a similar field.

· Proven work experience as a WordPress Developer.

· Knowledge of front-end technologies including CSS3, JavaScript, HTML5, and jQuery.

· Knowledge of code versioning tools including Git, Mercurial, and SVN.

· Experience working with debugging tools such as Chrome Inspector and Firebug.

· Good understanding of website architecture and aesthetics.

· Ability to project manage.

· Good communication skills.

Job Type: Full-time

Salary: ₹25,000.00 - ₹70,000.00 per month

Schedule:
Day shift
Experience:
WordPress: 1 year (Preferred)
work: 1 year (Preferred)
total work: 1 year (Preferred)
Education:
Bachelor's (Preferred)
Work Remotely:
No",Others,[],Not specified,Not specified
23,JavaScript Developer,"MonetizeMore builds industry leading ad technology that is seen by more than 300M people per month. The company has been running for 8 years achieving consistent double digit growth each year with a team of 100+ team members spread across the globe.

MonetizeMore offers location and schedule freedom to every one of its team members. That means that you would have the lifestyle autonomy to choose to work from anywhere in the world, during the time of day you prefer. This new-age work lifestyle would enable you to engineer your ideal lifestyle. Say goodbye to endless commutes, stuffy business attire and the arbitrary 9 – 5 work day. Take your life back into your hands by joining the MonetizeMore team!

The product team is the fastest and most innovative team in the company. Build greenfield technology that is disrupting the ad technology industry. Solve problems that have never been solved before. Join a company culture that replaces constant meetings and interruptions with innovation that continues to break boundaries. Take your skillset to the next level with some of the best minds in the ad technology industry to make a real difference with MonetizeMore.

Responsibilities
The day-to-day work of a MonetizeMore web developer includes:

Developing features or product using: JavaScript, Python/Flask, PostgreSQL, Linux, Docker, Git, Cloud Services and any other new technologies.
Building JavaScript applications capable of tracking and responding to billions of requests per month.
Developing APIs and integrating with 3rd party APIs to automate manual tasks.
Implementing UI facilitating third-party reporting and streamlining ad operations.
Integration of services to maximize ad revenues and maintain strong user experience.
Planning and prototyping new applications.
Defect resolution of existing and new issues.
Unit testing new features to ensure they conform to MonetizeMore’s quality standards and meet requirements.
Code reviews.
Running performance benchmarking tests.
Staying up to date with new trends and advancements in web development and ad tech.
Attending daily stand-up meetings (15 mins) and other Scrum meetings (Every 3 weeks).

Attributes
MonetizeMore web developer attributes include:

Teamwork Attributes:

Collaboration: Working remotely on complex projects necessitates that you work together with your team and share knowledge.
Communication Skills: You are comfortable communicating in English at all levels, have strong spoken and written communication skills and are an active listener.
Teamwork: You value team synergy and are excited about helping your team succeed.
Interpersonal Skills: You are able to get along, work well and coordinate with others.
Conflict Management: As a team, we are proactive in dealing with conflict. You are able to find constructive ways of resolving issues with other team members.

Technical Attributes:

Technology: A MonetizeMore developer is proficient in all stages of web development, from conception to deployment. You are a one-person army, ready and willing to attack any technical challenge that crosses your path
Analytical and Problem Solving Skills: You work hard to understand technical issues and to resolve them in an effective manner.
Detail Orientation: You work on many parts of an application or system at the same time and are able to focus on each detail meticulously.
Initiative: You work well in a team, with little supervision, making well-reasoned and effective technical decisions.
Reliability and Responsibility: You demonstrate reliability at all times. You give reasonable expectations within Agile Scrum framework and work hard and smart to achieve and surpass those expectations. You communicate what you are going to do, then meet that commitment.
Thought Leadership: You analyze MonetizeMore’s tech stack, systems and processes with the goal to iterate on a regular basis. You look for opportunities to improve to increase value to MonetizeMore and suggest them to the team.

If you think you are a good fit to join the MonetizeMore product team, please apply below and give specific reasons what sets you apart. We hire individuals not robots so don’t be afraid to show a little personality ;)

Powered by JazzHR

xC69vHwaZD",Others,[],Not specified,Not specified
24,Database Administrator,qualification essential qualification related ba/bs two year work experience area database design administration unrelated ba/bs four year work experience area database design administration experience troubleshooting resolving desktop server network issue experience providing technical support microsoft dynamic application support preferred qualification excellent verbal written communication skill attention detail effective problem-solving organizational decision-making ability demonstrated ability meet deadline prioritize task manage project work independently experience knowledge microsoft window operating system microsoft office platform server administration sql server microsoft dynamic 365 great plain certification peoplesoft experience job hiring salary range $ 59000- $ 72000 depending qualification position located within classroom technical service ct - unit within office classroom management ocm - support unique need educational research environment offering design installation maintenance service classroom technology duty position include leading supporting server software administration telecommunication equipment associated network device department ’ technical engineering service administrative iso university staff position monitor system server process resource help troubleshoot problem arise additionally position recommend solutions/changes system settings/business process identify work-arounds implemented permanent fix made purpose work performed identification design assessment installation maintenance related av telecommunication hardware software related network peripheral device resource support iso design installation delivery service av/it good service u-wide classroom boardroom meeting room teaching learning conferencing technology system administration 50 responsible technical administrational operation & maintenance ct server system responsible server network administration oit department manager responsible establishing policy procedure necessary meet department client need provide support special application requiring extensive knowledge & expertise university-wide iso service work internal & external vendor developing solution unique software issue update upgrade server latest service pack security update add/remove/adjust user access ct server system keeping accurate record user assist rapid thorough resolution production issue evaluate document report issue management vendor evaluate issue pattern plan execute process improvement system upgrade ensure documentation business requirement create detailed functional/technical specification maintain in-depth knowledge business process one multiple business area work internal external contract support resource regarding system administration duty function ct application expert maintenance enhancement 25 define configuration step standard setup troubleshoot problem recommend configuration process improvement resolve complex hardware/software compatibility concern develop installation script test program meet system requirement perform routine duty maintaining network/domain via wbob hosted virtual server farm efficiency security data file data correctness back-up application usability licensing server uptime performance provide network hardware software support microsoft dynamic 365 & gp microsoft pdk sql report efs software perceptive content software software support av engineering window 10 office peoplesoft financial software process maintain related documentation library procedure disaster recovery planning procedure research recommend test hardware service package ocm-cts assist maintaining network configuration file manage administer telecommunication plan account iso staff participate it-related project it-related procurement assist developing resolution solution technical issue user support 20 develop deliver training program end user lead development new support procedure standard increase effectiveness efficiency provide support complex computing environment area hardware software network check report user ’ desktop laptop workstation performance provide technical support user required desktop mobile device printer peripheral maintain extensive library user training aid material needed assist creating report query requested user 5 perform duty assigned including deptartmental project related primary job function assist development process improvement attaining departmental goal related improving efficiency cost effectiveness customer service asr position offer following benefit university paid contribution 10 salary retirement account - vested immediately 22 paid vacation day per year addition paid medical leave 11 paid holiday reduced tuition opportunity covering 75 - 100 eligible tuition excellent affordable health care benefit wellness program opportunity earn lower health care rate free disability insurance free basic life insurance benefit 115 base salary $ 200000 maximum department mission academic support resource asr make positive difference student ’ life asr committed cultivating sustaining environment diverse equitable inclusive better able serve represent university community ensuring value difference individuality knowledge skill ability asr employee include job knowledge communication problem solving/analysis development leadership teamwork customer service office classroom management ocm directly support high quality teaching learning faculty student university classroom ocm central point contact single point responsibility accountability general purpose classroom study space issue ocm national leader coordination operation classroom focused continual improvement teaching learning environment apply application must submitted online considered position please click apply button follow instruction completing online application please upload following document ensure full consideration cover letter express interest qualification position updated resume name contact information three professional reference willing speak freely qualification character additional document may attached application accessing `` activity '' page uploading document request accommodation application process please e-mail employ @ umn.edu call 612 624-uohr 8647 diversity university recognizes value importance diversity inclusion enriching employment experience employee supporting academic mission university committed attracting retaining employee varying identity background university minnesota provides equal access opportunity program facility employment without regard race color creed religion national origin gender age marital status disability public assistance status veteran status sexual orientation gender identity gender expression learn diversity u http //diversity.umn.edu background check information offer employment contingent upon successful completion background check presumption prospective employee eligible work criminal conviction automatically disqualify finalist employment u university minnesota twin city umtc university minnesota twin city umtc among largest public research university country offering undergraduate graduate professional student multitude opportunity study research located heart one nation 's vibrant diverse metropolitan community student campus minneapolis st. paul benefit extensive partnership world-renowned health center international corporation government agency art nonprofit public service organization,Others,[],Not specified,Not specified
25,PHP Developer,"Job Summary
**
We are looking for Fresher PHP developers who possess a passion for pushing web technology to the limits and will work with our team of talented engineers to design and build the next generation of existing services
The candidate should have basic knowledge of PHP, HTML5, CSS3, Jquery, with good knowledge of communication skills.
Responsibilities and Duties
Candidate must have IT Background and should be familiar with technologies.
Must have good interpersonal skills.
Must have Innovative, knowledgeable, creative, and hard-working
Key Skills
PHP, WordPress, HTML, CSS
Required Experience and Qualifications
Exp. : 0 - 3 Year
Qua. : B.E./B.TECH./M.E./M.TECH./MCA
Contract length: 1 month
Job Types: Full-time, Internship, Fresher
Salary: ₹12,000.00 - ₹34,000.00 per month
Benefits:
Flexible schedule
Schedule:
Day shift
Experience:
software development: 1 year (Preferred)
total work: 1 year (Preferred)
Education:
Bachelor's (Preferred)
Licence:
Core PHP (Preferred)
Programming Languages needed:
Python (Preferred)
Industry:
Software Development",Others,[],Not specified,Not specified
26,iOS Developer,"Job Responsibilities:
Design and build applications for the iOS platform.
Help maintain code quality, organization, and automatisation.
Ensure the performance, quality, and responsiveness of applications.
Identify and correct bottlenecks and fix bugs.
Collaborate with a team to define, design, and ship new features.
Proficient with Objective-C or Swift (depending on project requirements).
Experience with iOS frameworks such as Core Data, Core Animation, etc.
Strong knowledge of SDLC methodologies - ideally Agile.
Experience with offline storage, threading, and performance tuning.
Familiarity with RESTful APIs to connect iOS applications to back-end services.
Familiarity with push notifications.
Proficient understanding of code versioning tools (such as Git, Mercurial or SVN).
Understanding of Apples design principles and interface guidelines.
Experience with performance and memory tuning with tools (such as Instruments, depending on project needs).
Fresher with good technical knowledge or have training in iPhone are also welcome to apply for the Job.",Others,[],Not specified,Not specified
27,Java Developer,"Software Developer

Who we are:
The American Physical Society (APS) is a nonprofit membership organization working to advance and diffuse the knowledge of physics through its outstanding research journals, scientific meetings, and education, outreach, advocacy, and international activities. APS represents over 55,000 members, including physicists in academia, national laboratories, and industry in the United States and throughout the world. Society offices are located in College Park, MD (Headquarters), Ridge, NY, and Washington, D.C.

Software Developer
Who we are:

The American Physical Society (APS) is a nonprofit membership organization working to advance and diffuse the knowledge of physics through its outstanding research journals, scientific meetings, and education, outreach, advocacy, and international activities. APS represents over 55,000 members, including physicists in academia, national laboratories, and industry in the United States and throughout the world. Society offices are located in College Park, MD (Headquarters), Ridge, NY, and Washington, D.C.

Position Summary:

The American Physical Society, a leading publisher of scientific journals, based in Suffolk County, LI, is seeking a front end developer. This is an exciting opportunity to apply your strong front end development and UX skills to build applications used in all aspects of scientific publishing. We’re a group who happily share knowledge and value other ideas, while working in a bright, modern office with a friendly atmosphere and flat hierarchies. We will challenge you with interesting work while providing you with a collaborative culture in a fast paced environment. Our staff is encouraged to attend industry conferences and we are constantly playing with new tools and use all the latest and greatest technologies, affording you the capability to impact all aspects of your projects. You must have excellent English communication skills, be a problem solver and a team player, and be results oriented. Other incentives for working at APS are great pay, great benefits, generous 403(b), fun company events, commuter benefits, and 3 weeks paid vacation.

Please provide code samples and URL's of previous applications you've developed. Candidates who provide links to their GitHub profiles or personal websites with technical articles and/or code samples will receive priority.

Is This You:

Required Skills
Expert knowledge of HTML5, CSS3, and associated web standards
Experience writing modern Javascript (ES6/ES2015, ES2017, Typescript, etc).
Experience with front-end frameworks such as React or Vue.js
Experience with modern front-end tooling (Babel, webpack, gulp, parcel, etc.)
Proficiency in building responsive web applications
Knowledge of UI/UX design concepts, pattern libraries, style guides, etc.
Basic command line proficiency (Linux and/or Mac OS X preferred)
Experience with Git or a similar version control system
Experience with AWS or similar cloud service providers
Desired Skills
Experience doing test driven development with Jest, Jasmine, Mocha/Chai/Sinon, Karma. Integration testing with Selenium.
Experience with server side development (node.js, express, etc.)
Basic knowledge of GraphQL
Experience with additional programming languages (clojurescript, Typescript preferred)
Accessibility
Our Mission:

To advance and diffuse the knowledge of physics for the benefit of humanity, promote physics, and serve the broader physics community, we:
Provide a welcoming and supportive professional home for an active, engaged, and diverse membership
Advance scientific discovery and research dissemination
Advocate for physics and physicists, and amplify the voice for science
Share the excitement of physics and communicate the essential role physics plays in the modern world
Promote effective physics education for all
The core values that drive our mission are:
The Scientific Method
Truth and Integrity
Diversity, Inclusion, and Respect
Partnering, Cooperation, and Open Collaboration
Speaking Out
Education and Learning
The American Physical Society is an equal opportunity employer. All qualified applicants will receive consideration for employment without regard to race, color, religion, sex, sexual orientation, gender identity, ethnic or national origin, ancestry, pregnancy (including childbirth or related condition), citizenship, familial status, mental or physical disability, veteran status, genetic information, other non-disqualifying disability, or any other characteristic protected by law.

We welcome you to apply today!",Others,[],Not specified,Not specified
28,Django Developer,"Full Job Description

Coordinating with development teams to determine application requirements.

Writing scale able code using Python programming language.

Testing and debugging applications.

Developing back-end components.

Integrating user-facing elements using server-side logic.

Assessing and prioritizing client feature requests.

Integrating data storage solutions.

Coordinating with front-end developers.

Reprogramming existing databases to improve functionality.

Developing digital

tools to monitor online traffic.

SHARE YOUR RESUME HR TEAM WHAT’S APP NUMBER 76-175-733-20",Others,[],Not specified,Not specified
29,DevOps Engineer,"Vidooly is looking for candidates with analytical minds and result oriented work ethics to join our software engineering dev ops team in a full-time role. A positive, eager, and responsive attitude to solve problems is the most important requirement for the role.
We are a SaaS-based video intelligence software product company, based in Noida Sector 62. Our customers are online video content creators, media companies, brands, multi-channel networks & agencies across the world.
noofpost
1
edu
language
experience
3-6 years
roles
roleheading
rolepoint
As an engineer, the incumbent would be responsible to automate and streamline our operations and processes.
Build and maintain tools for deployment, monitoring and operations.
Troubleshoot and resolve issues in test and production environments.
Research and recommend innovative, and where possible, automated processes for Systems Administrator tasks.
Maintain integrity of the network, server deployment and network security.
Administer servers, storage devices, backup devices, VPN Gateways, and wireless infrastructure.
Perform daily system and security monitoring.
Handle critical operation tasks as well as on demand requests.
Work closely with development teams to integrate their projects into the production AWS environment and ensure their ongoing support once there.
Be a DevOps champion - work closely with other internal teams to build security, reliability, and scalability into the development lifecycle.
Build engineering automation and productivity tools to streamline and scale applications in the production environment.
Build from the ground up reliable infrastructure services in AWS to deliver highly scalable services.
Experience in failover configuration and Disaster Recovery process setup.
Troubleshoot and resolve issues related to application development, deployment, and operations.
skills
Good hold in LINUX Operating System
Monitoring - CloudWatch, Nagios, New Relic, ELK
Solid experience and background working with AWS services including but not limited to EC2, VPC, ELB, S3, CloudFormation, Opsworks, RDS, Route53, SQS, IAM, SES, API Gateway, EMR, Auto scale, Cloud watch, etc.
Strong written and verbal communication skills, along with customer service, troubleshooting, and skills.
B.E/B-Tech/BCA/MCA/M-tech with 3-6 year of experience in software product company managing server.",Others,[],Not specified,Not specified
30,JavaScript Developer,"No relocation needed, can telework from home, required good Internet*
Who is TEKgile?*
We are a tech company that works with our international partners to deliver modern apps and software for various types of businesses. We work with global companies and various clients to always push the limits of web and server applications.
Why would I want to be a JavaScript Developer at TEKgile?*
TEKgile and our International partner company aims to continue its growth trajectory in Japan and have a variety of geospatial web app projects to work on. Software and app improvements are vital to the success of the company and are looking to grow our team to add new features to what is being offered. You will be working with our Product Manager, who is based in Japan as well as our Technical manager in Trivandrum. The team focuses on all product life cycle, bugs, and features that relate to the existing clients and future needs of the project.

The JavaScript Developer role is focused on building various web app dashboards focused around geospatial data, and continuing to grow the functionality and capabilities of our frameworks. Responsibilities include helping to grow the features of existing projects and new projects. You would be partnered with other team members to assist with various DevOps tasks.
We are looking for someone that is: *
Looking to take ownership of your tasks and be held accountable for their quality and completion
Interested in modern applications
Code ninja with an attention to detail
Being great at what you do and enjoy doing it
What would I be doing?*
Support the development of server and web applications that are based on JavaScript (ExtJS 6, NodeJS).
Focused on supporting the continued development and improvements to the existing and new JavaScript applications for frontend and backend.
Implementing features independently or with team members
Writing unit tests, internal and external documentation.
Debugging, and problem-solving bugs.
Working with SQL based databases
Working in the AWS Cloud environment.
What key skills and experience do I need?*
Proficiency in English
Strong understanding of and experience in JavaScript (MVC & MVVM)
Strong understanding of NodeJS, Express and ES6
Experience in web app JavaScript (Bootstrap, jQuery)
Experience in both functional and object-oriented programming
Good understanding of SQL
Experience in writing Unit Tests
It would be great if you can also bring: *
Experience in PostgreSQL and PostGIS
Experience in ExtJS 6.x
Experience in HTML/CSS
Good understanding of NoSQL (MongoDB/ElasticSearch)
Experience in Amazon AWS Lambda, API Gateway, EC2, S3, SNS, SQS
Understanding and experience in OAuth v2
What are the perks?*
Monday to Friday schedule (5 day weeks / 40 hour work weeks)
Up to 5% performance bonus (paid quarterly)
Competitive salary
Personal laptop stipend
Ability to work from home anywhere in India
Company Values*
Quality service* - We make sure all of our customers that use our product have the best experience.
Ability to adapt *- Being in a startup lifestyle and new technology space, we look for team members that are always willing to adapt to the constant change.
Pushing the limits *- We feel that there is always room to improve and be the best in our space. Everyone's input is valued and encouraged to make everything better.
Help the team *- ""How can I help?"" is a common phrase where we work. It is not only about completing your goals and tasks but important that we pitch in to help make sure the team hits their goals as well.
Job Type: Full-time

Benefits:
Paid sick time
Paid time off
Work from home
Schedule:
Day shift
Monday to Friday
Experience:
total work: 4 years (Required)
JavaScript: 3 years (Preferred)
Education:
Bachelor's (Required)
Benefits:
Paid leaves / Leave encashment
Work from home
Flexible work hours
Industry:
Software Development
Work Remotely:
Yes",Others,[],Not specified,Not specified
31,Machine Learning,"Vista Equity Partners is the world's leading private equity firm for Enterprise Software and recently invested $1.5B in the Reliance Jio Digital Platform. As part of the Vista portfolio, Integral Ad Science (IAS) is a NYC-headquartered global technology and data company that builds verification, optimization, and analytics solutions for the advertising industry. We are looking for a Senior Manager, Data Engineering to join our new and fast-growing Engineering team in Pune. If you are excited by technology that has the power to handle hundreds of thousands of transactions per second; collect tens of billions of events each day; and evaluate thousands of data-points in real-time all while responding in just a few milliseconds, then IAS is the place for you!

As a Senior Manager, Data Engineering, Brand Safety you will drive the transformation of the Brand Safety Pipeline. You will manage processes that crawl tens of millions of pages per day and that score those pages in real-time using machine learning algorithms. The ideal candidate is naturally curious, dedicated, detail-oriented with a strong desire to work with awesome people in a highly collaborative environment. You should be able to not take yourself too seriously as well.

What you'll do:
Plan and deliver data engineering projects
Collaborate with various IAS teams throughout the full software development lifecycle including CI/CD, Product, Architecture
Manage performance of the team including recurring 1:1s, performance reviews, goal setting and professional development
Identify roadblocks and remove them proactively
Implement effective metrics and monitoring processes
Driving a culture of continuous improvement
Stay informed about new technologies and trends in data engineering
Who you are and what you have:
Minimum 2 years of relevant technical lead experience
5+ years of relevant experience in at least one object oriented language (Java, Python or Scala preferred)
5+ years of relevant experience in SQL and comfortable working with large datasets to identify insights
Good knowledge of Data Science, Machine Learning
Experience with open source big data technologies (MapReduce, Spark, Flink)
Experience designing, developing and deploying data pipelines in the Cloud
Strong problem solving skills
Experience managing and mentoring a team of data engineers
What puts you over the top (one of the following):
Expertise implementing streaming data pipelines using open source technologies
Experience with AWS or GCP ecosystem
Experience in productionalizing machine learning models
About Integral Ad Science

Integral Ad Science (IAS) is the global market leader in digital ad verification, offering technologies that drive high-quality advertising media. IAS equips advertisers and publishers with both the insight and technology to protect their advertising investments from fraud and unsafe environments as well as to capture consumer attention, and drive business outcomes. Founded in 2009, IAS is headquartered in New York with global operations in 18 offices across 13 countries. IAS is part of the Vista Equity Partners portfolio of software companies. For more on how IAS is powering great impressions for top publishers and advertisers around the world, visit integralads.com.

Equal Opportunity Employer:

IAS is an equal opportunity employer, committed to our diversity and inclusiveness. We will consider all qualified applicants without regard to race, color, nationality, gender, gender identity or expression, sexual orientation, religion, disability or age. We strongly encourage women, people of color, members of the LGBTQIA community, people with disabilities and veterans to apply.

California Applicant Pre-Collection Notice:

We collect personal information (PI) from you in connection with your application for employment or engagement with IAS, including the following categories of PI: identifiers, personal records, commercial information, professional or employment or engagement information, non-public education records, and inferences drawn from your PI. We collect your PI for our purposes, including performing services and operations related to your potential employment or engagement. For additional details or if you have questions, contact us at compliance@integralads.com.

To learn more about us, please visit http://integralads.com/ and https://muse.cm/2t8eGlN

Attention agency/3rd party recruiters: IAS does not accept any unsolicited resumes or candidate profiles. If you are interested in becoming an IAS recruiting partner, please send an email introducing your company to recruitingagencies@integralads.com. We will get back to you if there's interest in a partnership.",Others,[],Not specified,Not specified
32,PHP Developer,"Job Description:

1-4 years of experience as a PHP Developer with proven track.

Requirements:

Integration of user-facing elements developed by front-end developers
Build efficient, testable, and reusable PHP modules
Understanding the fully synchronous behavior of PHP
Basic understanding of front-end technologies, such as JavaScript, HTML5, and CSS3.
Familiarity with limitations of PHP as a platform and its workarounds.

Software Skills:

front-end technologies, such as JavaScript, HTML5, and CSS3",Others,[],Not specified,Not specified
33,PHP Developer,"1 - 3 years experience
Front-end skills: HTML, CSS, JS, Jquery, Ajax, Bootstrap
Backend: Mysql, PhpMyadmin
Frame-works: Laravel, Codeignitor, Zend
Understanding of MVC design patterns
Knowledge of object oriented PHP programming
Job Type: Full-time
Salary: Up to ₹400,000.00 per year
Schedule:
Monday to Friday
Experience:
software development: 1 year (Preferred)
total work: 1 year (Preferred)
Education:
Bachelor's (Preferred)
Licence:
Core PHP (Preferred)
Programming Languages needed:
Python (Preferred)",Others,[],Not specified,Not specified
34,Machine Learning,"Staff Machine Learning Scientist

Hyderabad/Bangalore (Remote)

Compass is building the first modern end-to-end real estate platform by integrating agents, buyers and sellers through technology. Before Compass, no one has achieved the blend of the Natural Intelligence that hundreds of thousands of enterprising real estate agents bring to this market, with the Artificial Intelligence that cloud, mobile and AI technologies enable.

As one of the fastest growing technology companies of our generation, in an industry larger than any other, we have an opportunity and obligation to build a world-class engineering team and the operating platform that will transform the real estate industry. In 2019 we tripled the size of our Product & Engineering team, and are searching for creative and inspiring colleagues at all levels of the engineering organization to join us as we continue to expand in 2020.

We are looking for Staff Machine Learning Scientists with a proven track record of solving machine learning problems through utilizing strong machine learning and data science skills. This is an opportunity to make a huge impact in a fast-paced environment at a great company.

About the role

Compass is looking for a Staff Machine Learning Scientist to help us build the future of real estate. Compass is building an end-to-end real estate technology platform that empowers agents and consumers. The AI team is responsible for using machine learning to build features which empower our agents through intelligent tools, and add intelligence to our consumer facing products. We are looking for someone with a proven track record of deploying and supporting machine learning models at scale in customer facing features.

Responsibilities:

Using your machine learning skills to explore and deeply understand Compass's data.
Architect the machine learning products to solve business needs
Perform feature engineering and modeling tasks on top of this data to power customer facing features.
Collaborate with machine learning engineers to produce features in a production ready state.
Support machine learning features throughout the product life cycle.
Drive design and implementation of our in-house machine learning infrastructure.

What we look for:

Experience working on machine learning in a product oriented environment.
Ability to collaborate with scientists, product management and work with an engineering-focused, iterative team to build and establish product requirements.
Knowledge of machine learning frameworks and tooling, for example Spark, PyTorch, SciKit learn, etc.
Comfortable building prototypes from scratch
Experience working with a microservices based architecture.
Experience with AWS development.
PhD or MS in Computer Science/Machine Learning or equivalent (PhD is preferred) and 8+ years experience is preferred.

At Compass, our mission is to help everyone find their place in the world. This means we continually celebrate the diverse community different individuals cultivate. As an equal opportunity employer, we stay true to our mission by ensuring that our place can be anyone's place. Check out our Engineering blog!",Others,[],Not specified,Not specified
35,Backend Developer,"Summary of the Position:

We are seeking a Backend Developer to join our application development team at India (Pune) Development Center. The candidate will play a significant role in developing highly interactive and cutting-edge applications for enterprise clients. The candidate will provide hands-on development expertise and technical abilities to deliver quality software solutions.

Job Responsibilities:

Develop Microservices and REST API that will integrate with Frontend.
Translate business requirements into high-quality code.
Experience in deploying application on Cloud- Azure.
Focus on code maintainability and performance of an application.
Provide technical advice and assists in solving programming problems
Hands-on experience with unit and automation testing tools such as Junit

Minimum Qualifications:

Bachelor’s degree in any Engineering discipline from reputed engineering college
6+ years of strong programming skills in Cloud Technologies and backend development
Hands-on experience in deploying Microservices and REST APIs using Java and Spring Boot.
Strong integration experience using Node.js, AJAX and JSON
Experience in working with NoSQL like Combos DB and RDBMS like Azure, SQL.
Strong deployment experience on Azure functions.
Nice to have:
Hands-on experience with Build and CI/CD tools like Ant, Gradle, Docker, Jenkins
Hands-on experience with unit and automation testing tools such as Junit, Rest Assured, Serenity, JMeter, etc
Working knowledge of software design patterns, distributed systems, resiliency, security and logging
Passionate, adaptable, flexible, independent and self-motivated individuals who take initiative and ownership of projects are desired.
Nice to have good written and verbal communication skills

Company Description

Infogain is a Silicon Valley headquartered company with software platform engineering and deep domain expertise in the travel, retail, insurance and high technology industries. We accelerate the delivery of digital customer engagement systems using digital technologies such as cloud, microservices, robotic process automation and artificial intelligence to our clients.

Infogain delivers positive business outcomes for Fortune 500 companies and digital natives, using rapid prototyping and a solid foundation of DevSecOps-based software platform engineering that ensure high-quality and on-time delivery. A ChrysCapital portfolio company, Infogain has offices in California, Washington, Texas, London, Dubai, India and Singapore, with delivery centers in Austin, New Delhi, Bangalore, Pune, and Mumbai.

Visit us as www.infogain.com to learn more.",Others,[],Not specified,Not specified
36,DevOps Engineer,"Mandatory skills: Kubernetes and docker
Experience with DevOps CI/CD applications and automated build and deploy configuration and processes.
Hands on skills in public cloud.Hands on skills in Jenkins, GIT, Sonarqube, Artifactory, JIRA.
Must have worked on Ansible.Experience with Maven, npm and other build frameworks.
Able to deploy micro services and provide DevOps driven solutions in a multi-tenant cloud based architecture.
Experience with webservers like nginx, tomcat and JBoss.
Should have troubleshooting knowledge in database and networking.Experience in Shell, Python scripting & Linux knowledge.
Strong knowledge in Docker.Able to create custom Dockerfile and Docker-compose files.
Experience in container orchestration tools like kubernetes, OpenShift and etc.
Experience with monitoring tools like zabbix, nagios,AppDynamics.
Experience with ELK Stack / Splunk.
Worked in Agile development methodologies.
Experience in Production environments and SRE activities

Job Types: Full-time, Volunteer

Experience:
total work: 3 years (Required)
DevOps: 3 years (Preferred)
Work Remotely:
Yes",Others,[],Not specified,Not specified
37,Network Administrator,"BE / BCA / any bachelor degree
Certification: -
CCNP, CCNA
Experience
1 + years of overall experience as a Network/ Security Engineer either in Service Provider Environment or diverse enterprise network.
Key Responsibilities
Management and configuration of Checkpoint/ Fortigate firewall & IPS Technology Checkpoint / Switching / Routing.
Configuration of Cisco Routers
Expert to handle the day to day checkpoint/ Fortigate firewall & IPS operational issues.
Initial firewall/ IPS testing of parameters, operation, support and commissioning.
Knowledge of Analysis of IPSec VPNs implementation and Manage and Monitor all VPN connectivity.
Experience in network monitoring in NOC/ SOC to identify security breaches, service outages, network performance issues.
Knowledge of Analyse, troubleshoot, and investigate security- related, information systems anomalies based on security platform reporting, network traffic, log files, host- based and automated security alerts
Troubleshooting and root cause analysis of related issues firewall/ IPS Work efficiently with customer support team to solve customer issues.
Analysing, troubleshooting and correcting network problems remotely and on- site.
Maintaining and administering perimeter security systems such as firewalls and intrusion detection systems
Good Communication and can handle incident and problem management.
Problem solving skills on checkpoint firewalls, switching and routing devices.
Good knowledge in MPLS and internet leas line links.
Adhere to change control process.
Has the ability to work on his/ her own, be able to remain calm under pressure and to keep his managers informed of progress against a programme of work.
Job Type: Full-time
Salary: ₹20,000.00 - ₹30,000.00 per month
Schedule:
Day shift
Experience:
work: 1 year (Required)
total work: 1 year (Required)
Network Administration: 1 year (Required)
Education:
Bachelor's (Required)",Others,[],Not specified,Not specified
38,Wordpress Developer,"We are on the hunt for a Wordpress developer with 2-4 years of experience who is capable of collaborating with our web designers to match visual designs.
Skills and Qualifications
Prior experience in working with WordPress, Plugin Customization, WordPress + Woo-Commerce, Magento (or Any other PHP open source Framework)
Must have expertise in WordPress theme integration and should be able to work as per client instruction to design page layouts.
Knowledge of other PHP CMS like Magento, Joomla, and CakePHP would be an added advantage.
Good understanding of cross-platform and cross-browser issues, and web performance optimization.
Basic knowledge of the Search Engine Optimization process.
Experience with Reactjs is a plus.
Roles and Responsibilities
Write testable, well designed, and efficient code by using best software development practices and reusable PHP modules to match the latest international web protocols, standards and technologies.
Create website layouts /user interface by following standard HTML/CSS and WordPress practices.
Integrate data from various back-end services and databases.
Be responsible for maintaining, expanding, and scaling various websites.
Stay plugged into emerging technologies and industry trends.",Others,[],Not specified,Not specified
39,Network Administrator,"Job Duties:
Hardware and Software installation and troubleshooting management.
Day to day troubleshooting WI-FI access points.
Strong knowledge of Network and Server maintenance.
Hands on experience of handling windows based servers.
Able to use variety of IT Software and resolve Hardware issues.
The candidate should be able to perform the work in relation to Network Administrator and Security, configure and maintain all network switches, routers and firewalls.
What We’re Looking For:
A person that aspires to be a leader and has a proactive “can do” attitude and has a proven track record driving successful projects.
Problem Solving, Strategic Planning, Multi-tasking
Energetic, self-motivated, with a strong propensity to succeed.
Highly organized, with an ability to prioritize time-sensitive assignments.
Job Types: Full-time, Contract
Salary: ₹10,000.00 - ₹15,000.00 per month
Experience:
work: 1 year (Preferred)
total work: 1 year (Preferred)
Network Administration: 1 year (Preferred)
Education:
Secondary(10th Pass) (Preferred)",Others,[],Not specified,Not specified
40,PHP Developer,"Job Description

We are looking for a PHP Developer responsible for managing back-end services and the interchange of data between the server and the users. Your primary focus will be the development of all server-side logic, definition and maintenance of the central database, and ensuring high performance and responsiveness to requests from the front-end. You will also be responsible for integrating the front-end elements built by your co-workers into the application. Therefore, a basic understanding of front-end technologies is necessary as well.

Responsibilities
Communicating with external web services
Integration of user-facing elements developed by front-end developers
Build efficient, testable, and reusable PHP modules
Solve complex performance problems and architectural challenges
Integration of data storage solutions
Development of software as per norms fixed
Perform review, repair or expansion of software program to improve efficiency and handle new requirements
Preparation of documentation as desired
Timely completion of software
Target for no errors in testing phase
Target for no errors in post implementation phase
Write “clean”, well-designed code
Produce detailed specifications
Troubleshoot, test and maintain the core product software and databases to ensure strong optimization and functionality
Contribute in all phases of the development lifecycle
Follow industry best practices
Develop and deploy new features to facilitate related procedures and tools if necessary
Keep abreast of the latest technologies in related fields
Skills
Strong knowledge of PHP web frameworks such as CodeIgnitor
Understanding the fully synchronous behaviour of PHP
Understanding of MVC design patterns
Basic understanding of front-end technologies, such as JavaScript, HTML5, and CSS3
Knowledge of object oriented PHP programming
Understanding accessibility and security compliance
Strong knowledge of the common PHP or web server exploits and their solutions
Understanding fundamental design principles behind a scalable application
User authentication and authorization between multiple systems, servers, and environments
Integration of multiple data sources and databases into one system
Familiarity with limitations of PHP as a platform and its workarounds
Creating database schemas that represent and support business processes
Familiarity with SQL/NoSQL/MySQL databases and their declarative query languages
Proficient understanding of code versioning tools, such as Git
Bonus Points for Experience with:
AWS (hybrid cloud solutions, EC2, simple queuing service)
Redis or Memcached
Location based services
DevOps or QA
RESTful APIs
Apply
×
Submit Your Application

All fields marked with an asterisk (*) are required.

Full Name*
Phone*
Email*
Current Company
Description
Upload CV*
Submit
Close",Others,[],Not specified,Not specified
41,Software Engineer,"Nokia is a global leader in the technologies that connect people and things. With state-of-the-art software, hardware and services for any type of network, Nokia is uniquely positioned to help communication service providers, governments, and large enterprises deliver on the promise of 5G, the Cloud and the Internet of Things.

Serving customers in over 100 countries, our research scientists and engineers continue to invent and accelerate new technologies that will increasingly transform the way people and things communicate and connect.

Nokia is an equal opportunity employer that is commited to diversity and inclusion.

At Nokia, employment decisions are made regardless of race, color, national or ethnic origin, religion, gender, sexual orientation, gender identity or expression, age, marital status, disability, protected veteran status or other characteristics protected by law.

Years of experience:

6-9 years

Education:

BE/BTech/MTech/MCA in Computer Science/Electronics/Electrical/Information Science/Telecom

Grade/Level: JG 8 ( 6 to 9 years of experience )

Skills Required:
Strong experience in designing and developing applications using Java SE and EE.
Strong experience in Multithreading.
Strong experience in testing frameworks: Junit, Jmockit, Easy Mock
Strong experience in Spring Framework
Experience in WEB standards and technologies: REST, SOAP, XML

6. Good understanding in security aspects like TLS, TCP, knowledge of linux permissions, certificates, security algorithms.

7. R&D Experience in Agile (Kanban is a plus)
Good to have:
Test Automation(ROBOT tool, Selenium).
Scripting experience with Shell/Perl/Python
Knowledge of LDAP (X.500) and Tools like Wireshark, etc are added advantage
Telecom domain know how.
Cloud Principles

6. Experience in containerization ( knowhow in Dockers & Kubernetes )

Soft Skills:
Self-starter able to make progress with minimal supervision
Good Communication Skills and Presentation Skills
Strong collaborative & leadership skills
Years of experience:

3-6 years

Education:

BE/BTech/MTech/MCA in Computer Science/Electronics/Electrical/Information Science/Telecom

Grade/Level: JG 7 ( 3 to 6 years of experience )

Apply now.",Others,[],Not specified,Not specified
42,Software Engineer,"If you are a current Motorola Solutions employee, please click this link to apply through your Workday account.

Company Overview

At Motorola Solutions, we create technologies our customers refer to as their lifeline. Our technology platforms in communications, software, video and services help our customers work safely and more efficiently. Whether it’s helping firefighters see through smoke, enabling police officers to see around street corners, or reliably keeping the lights on in homes and businesses around the world, our work supports those who put their lives on the line to keep us safe. Bring your passion, potential and talents to Motorola Solutions, and help us usher in a new era in public safety and security.

Department Overview
UGWP

Job Description
Analyzes, develops, designs, and maintains software for the organization’s products and systems. Performs system integration of software and hardware to maintain throughput and program consistency. Develops, validates, and tests: structures and user documentation.

Basic Requirements
Hands-on experience in a full-stack python application development.
Experience in creating REST API using Flask/Django Framework.
Familiarity with concepts of MVC, ORM, and Restful
Good understanding of databases (Postgresql) or NoSQL(CBS)
Hands-on experience with front-end technologies like Angular
Strong knowledge of OOPs concepts.
Familiar with Agile development methodologies and test-driven development
Self-motivated, results-driven individual, must be passionate about the work

Travel Requirements

Relocation Provided

Position Type

Referral Payment Plan
No",Others,[],Not specified,Not specified
43,Java Developer,"We are seeking talented and creative individuals for a Java Developer opportunity on our Performance Management team to develop and evolve our enterprise software applications. You will have passion and enjoy solving complex issues, learning new technologies and designing/delivering user-friendly solutions. In addition, you should be self-motivated and committed, and able to work independently or in cooperation with other team members from different disciplines.

Responsibilities
Analyze, design, program, debug, and modify software enhancements, and/or new products.
Write scalable, reliable, & maintainable code and perform testing and debugging of applications.
Complete documentation and procedures for installation and maintenance.
Perform product design, implementation, bug verification, release testing, and beta support that may require research and analysis.
Engage in daily or weekly interaction with users or cross-functional team members to define system requirements and/or necessary modifications.
Work closely with Solution Architects and Project Managers to propose technically feasible solutions and set accurate expectations on effort and timeline.
Cooperate efficiently with the delivery teams of Design and Quality Assurance to ensure that each area is delivering quality, on time.
Required Skills
2 to 5+ years' experience in a software development role
Bachelor's Degree in Computer Science or related technical discipline
Good level of written and oral English is essential
Advanced experience of Java in a professional environment
Experience working on a shipped product
Good knowledge of Spring, Hibernate, JSF, J2EE, SQL and Oracle
Professional experience of web applications development
Knowledge of coding techniques & technology frameworks
An understanding of installations, testing methodologies, and troubleshooting techniques
Passion to solve an unmet need
Desired Skills
Previous experience with commercial HRIS applications
Knowledge of Agile methodologies
Experience with Adobe Flex
Professional experience in a SAAS model
Experience in SDLC
Understand enterprise market

Apply now at careers@providenceconsulting.in",Others,[],Not specified,Not specified
44,Wordpress Developer,"Greetings of the day!!!!

Position- WordPress Developer/ SEO Executive

Location- Bhubaneswar

Type- Fulltime/ Day Shift

Salary- Negotiable
Skillset for WordPress Developer-*
*Strong proficiency in WordPress, Woocomerce*
*Strong knowledge in UI, JavaScript, jQuery, Ajax, HTML, CSS, Bootstrap*
Skillset for SEO Executive-*
*Handling Search Engine Optimization activities for our internal company websites *
* *Planning and implementing SEO strategies *
*Perform On-page and off-page activities to boost page rankings *
*Handling and managing social media accounts to brand our company and services *
*Updating the website or making any changes to the HTML layout *
*Uploading samples, new content on website etc. as and when needed *
*Working with Google Analytics, Stat counter and webmaster tools *
*Keyword analysis *
*Handle Google updates effectively to manage the ranking *
Job Type: Full-time
Schedule:
Day shift
Experience:
4: 1 year (Preferred)
Work Remotely:
No",Others,[],Not specified,Not specified
45,Node js developer,"Job Description
3+ years’ experience working on Node/Express and Angular Node JS, Angular Js HTML5, CSS, Node JS, JQuery and JavaScript stacks, MongoDB, Familiarity with event-driven, asynchronous I/O frameworks
Expertise in any Relational or NoSQL databases
Experience in developing RESTful/GraphQL APIs and microservices based applications
Comfortable with software development best practices: unit tests, code reviews, continuous integration, deployment, secure and clean code.
Experience is Linux development environment
Hands on development experience within microservice based architecture
Knowledge of server/client interactions (e.g. scalability, caching, Web application performance optimization, etc
Proficient understanding of cross-browser compatibility issues and ways to work around them",Others,[],Not specified,Not specified
46,Flutter Developer,"We are looking for Experienced & well knowledge in React Native & Flutter candidate. Please don't apply fresher & Basic Knowledge & Skill Developer.*
Responsibilities : -*
Build pixel-perfect, smooth UIs across both mobile platforms.
Develop new components and features for mobile app(s).
Diagnose and fix bugs and performance bottlenecks for performance that feels native.
Requirements : -*
Experience working with a JavaScript framework, preferably React/React Native/Flutter.
Firm grasp of the synchronous and asynchronous JavaScript and its nuances, including ES6+ syntax.
Understanding of Flexbox based mobile UI design Knowledge in React Native/Flutter and approach towards component based structuring.
Understanding of REST APIs & 3rd Party APIs, the document request model, and offline storage.
Familiarity with native build tools, like XCode, Gradle and state management libraries of React, like Redux, is an added advantage.
Good sense of design, animations and micro-interactions is a plus.
Kindly revert with your updated CV and acknowledge me the same.
Note : - Please don't Apply job if you can't travel till Bhayander. We don't want any Central & Harbour Line candidate. So please don't waste your time as well as our time. APPPLY IF YOU TRAVEL TILL BHAYANDER.*
Contract length: 3 - 6 months

Application Deadline: 10/10/2020

Expected Start Date: 12/10/2020

Job Types: Full-time, Temporary, Walk-In

Salary: ₹10,000.00 - ₹20,000.00 per month

Experience:
Flutter: 1 year (Preferred)
React Native: 1 year (Required)
React JS: 1 year (Required)
Total Work: 1 year (Required)
APIs Development: 1 year (Required)
Application Question:
Where are you located ?(Mention Station Name)
Programming Languages needed:
HTML (Required)
CSS (Required)
JavaScript (Required)
Java (Required)
PHP (Required)
Work Remotely:
No",Others,[],Not specified,Not specified
47,Machine Learning,"Company Description:
HireXP is committed to building collaborative teams of technically creative and talented individuals, and the company welcomes applications of interest from global talent.
We are trusted by the world's most innovative organizations. Our vision is to become the most trusted company to provide HR Automation Solutions in the world, through an unrelenting commitment to product quality and service excellence.
At HireXP, technology is at the heart of everything we do. We are doubling down on our -Technology First- approach that puts technology at the core of our growth strategy.

Explore the future with us:
Do what you love and map your own future: we support your passion and empower the individual capabilities
Be who you are and impact the world: we embrace and celebrate diversity and ideas
Perks and benefits:
Flexi working hours
Opportunity to learn the Startup Growth Strategy.
Job Description:

We are looking for a Machine Learning (ML) Engineer to help us create products using AI.

Responsibilities
Design models and pipeline for pre - processing of data and automatic classification based on Machine Learning /Artificial Intelligence models
Identify, analyse and interpret trends and patterns in complex data to provide answers to Operational/service questions
Present data and analysis in a clear and concise manner to allowing audience to quickly understand results and recommendations to make data-driven decisions
Study and transform data science prototypes
Research and implement appropriate ML algorithms and tools
Develop machine learning applications according to requirements
Select appropriate datasets and data representation methods
Run machine learning tests and experiments
Perform statistical analysis and fine-tuning using test results
Extend existing ML libraries and frameworks
Requirements
Proven experience as a Machine Learning Engineer or similar role
Understanding of data structures, data modelling and software architecture
Deep knowledge of math, probability, statistics and algorithms
Ability to write robust code in Python
Familiarity with machine learning frameworks (like Keras or PyTorch) and libraries (like scikit-learn)
Outstanding analytical and problem-solving skills
Experience in cloud services e.g. PaaS and SaaS, Rest API, serverless functions",Others,[],Not specified,Not specified
48,DevOps Engineer,"Requirements

Strong background in Linux/Unix Administration and Linux Shell scripting
Good experience with any or more of mentioned cloud infra providers : AWS, IBM, Azure and GCP.
Knowledge of relational and NoSQL databases, aware of Active-Active and Active-Passive database replica setup. NoSQL sharded database setup.
Hands-on experience on working with CI/CD tools like jenkins.
Hand-On Experience of working with Monitoring tools like Icinga.
Ability to communicate well in a team
Experience with centralized logging and monitoring
Experience with Agile methodology
Hands-on experience of working with containers and container orchestration Dockers and Docker Swarm or kubernetes.
Hands-on experience of working on Puppet or Chef or Ansible.
Good communicator / team worker.

Key Skills
AWS, CI/CD, TFS, Jenkins, MongoDB,Cassandra,NoSQL, MSSQL, Linux, Azure, VMware, GIT, Containers, SQL, GIT, Ansible, Icinga or Nagios, Scripting, splunk,loggly
Add On Skills
oneOps, openStack
Experience: 1-3years
Location: Noida/Hyderabad",Others,[],Not specified,Not specified
49,iOS Developer,"We are looking for an iOS developer who possesses a passion for pushing mobile technologies to the limits and will work with our team of talented engineers to design and build the next generation of our mobile applications.
Responsibilities
Design and build advanced applications for the iOS platform
Collaborate with cross-functional teams to define, design, and ship new features.
Unit-test code for robustness, including edge cases, usability, and general reliability.
Work on bug fixing and improving application performance.
Continuously discover, evaluate, and implement new technologies to maximize development efficiency.
Requirements
Proven working experience in software development
Working experience in iOS development
Have published one or more iOS apps in the app store
A deep familiarity with Objective-C and Cocoa Touch
Experience working with iOS frameworks such as Core Data, Core Animation, Core Graphics and Core Text
Experience with third-party libraries and APIs
Working knowledge of the general mobile landscape, architectures, trends, and emerging technologies
Solid understanding of the full mobile development life cycle
Job Types: Full-time, Walk-In
Salary: ₹50,000.00 - ₹70,000.00 per month
Schedule:
Flexible shift
Work Remotely:
Temporarily due to COVID-19",Others,[],Not specified,Not specified
50,Software Engineer,"Role Proficiency:Level of Proficiency:Independently develops error free code with high quality validation of applications, guides other developers and assists Lead 1 – Software EngineeringOutcomes:1. Understand and provide input to the application/feature/component designs; developing the same in accordance with user stories/requirements. 2. Code, debug, test, document and communicate product/component/features at development stages. 3. Select appropriate technical options for development such as reusing, improving or reconfiguration of existing components. 4. Optimise efficiency, cost and quality by identifying opportunities for automation/process improvements and agile delivery models 5. Mentor Developer 1 – Software Engineering and Developer 2 – Software Engineering to effectively perform in their roles 6. Identify the problem patterns and improve the technical design of the application/system 7. Proactively identify issues/defects/flaws in module/requirement implementation 8. Assists Lead 1 – Software Engineering on Technical design. Review activities and begin demonstrating Lead 1 capabilities in making technical decisionsMeasures of Outcomes:Measures:1. Adherence to engineering process and standards (coding standards) 2. Adherence to schedule / timelines 3. Adhere to SLAs where applicable 4. Number of defects post delivery 5. Number of non-compliance issues 6. Reduction of reoccurrence of known defects 7. Quick turnaround of production bugs 8. Meet the defined productivity standards for project 9. Number of reusable components created 10. Completion of applicable technical/domain certifications 11. Completion of all mandatory training requirementsOutputs Expected:Code:Develop code independently for the aboveConfigure:Implement and monitor configuration processTest:Create and review unit test cases, scenarios and executionDomain relevance:Develop features and components with good understanding of the business problem being addressed for the clientManage Project:Manage module level activitiesManage Defects:Perform defect RCA and mitigationEstimate:Estimate time, effort, resource dependence for one's own work and others' work, including modulesDocument:Create documentation for own work as well as perform peer review of documentation of others' workManage knowledge:Consume and contribute to project related documents, share point, libraries and client universitiesStatus Reporting:Report status of tasks assigned Comply with project related reporting standards/processRelease:Execute release processDesign:LLD for multiple componentsMentoring:Mentor juniors on the team Set FAST goals and provide feedback to FAST goals of menteesSkill Examples:1. Explain and communicate the design / development to the customer 2. Perform and evaluate test results against product specifications 3. Develop user interfaces, business software components and embedded software components 5 Manage and guarantee high levels of cohesion and quality 6 Use data models 7. Estimate effort, and resources required for developing / debugging features / components 8. Perform and evaluate test in the customer or target environment 9. Team Player 10. Good written and verbal communication abilities 11. Proactively ask for help and offer helpKnowledge Examples: 1. Appropriate software programs / modules 2. Technical designing 3. Programming languages 4. DBMS 5. Operating Systems and software platforms 6. Integrated development environment (IDE) 7. Agile methods 8. Knowledge of customer domain and sub domain where problem is solved",Others,[],Not specified,Not specified
